"subj_id","certain","stimuli","condition"
695659,6,"s_texture","sil"
695659,5,"f_vintage","fluent"
695659,3,"u_tension","um"
695659,5,"s_imagination","sil"
695659,5,"u_elegant","um"
695659,4,"c_liveliness","click"
695659,5,"u_drama","um"
695659,5,"c_texture","click"
695659,5,"u_serene","um"
695659,6,"f_dynamic","fluent"
695659,6,"s_serene","sil"
695659,7,"s_balance","sil"
695659,5,"u_liveliness","um"
695659,7,"s_liveliness","sil"
695659,7,"f_imagination","fluent"
695659,5,"c_vintage","click"
695659,5,"c_balance","click"
695659,5,"c_imagination","click"
695659,6,"s_vintage","sil"
695659,6,"c_tension","click"
695659,4,"c_drama","click"
695659,6,"f_serene","fluent"
695659,7,"f_elegant","fluent"
695659,6,"s_elegant","sil"
695659,6,"s_tension","sil"
695659,6,"s_drama","sil"
695659,4,"u_balance","um"
695659,5,"c_serene","click"
695659,4,"u_texture","um"
695659,6,"f_texture","fluent"
695659,4,"c_elegant","click"
695659,6,"f_liveliness","fluent"
695659,4,"u_vintage","um"
695659,5,"u_imagination","um"
695659,4,"s_dynamic","sil"
695659,4,"c_dynamic","click"
695659,6,"f_tension","fluent"
695659,5,"u_dynamic","um"
695659,7,"f_drama","fluent"
695659,6,"f_balance","fluent"
695660,5,"u_serene","um"
695660,3,"s_dynamic","sil"
695660,1,"f_imagination","fluent"
695660,7,"c_serene","click"
695660,4,"s_serene","sil"
695660,7,"f_serene","fluent"
695660,1,"u_imagination","um"
695660,5,"c_tension","click"
695660,6,"s_texture","sil"
695660,3,"u_balance","um"
695660,5,"s_vintage","sil"
695660,6,"s_balance","sil"
695660,5,"c_texture","click"
695660,3,"c_imagination","click"
695660,2,"c_elegant","click"
695660,7,"f_balance","fluent"
695660,7,"f_vintage","fluent"
695660,3,"u_tension","um"
695660,4,"c_balance","click"
695660,3,"u_vintage","um"
695660,4,"c_drama","click"
695660,7,"f_tension","fluent"
695660,7,"f_dynamic","fluent"
695660,7,"f_texture","fluent"
695660,4,"c_vintage","click"
695660,7,"f_liveliness","fluent"
695660,6,"f_elegant","fluent"
695660,4,"c_dynamic","click"
695660,5,"s_tension","sil"
695660,3,"u_texture","um"
695660,3,"u_dynamic","um"
695660,6,"f_drama","fluent"
695660,2,"u_drama","um"
695660,4,"s_drama","sil"
695660,5,"s_elegant","sil"
695660,4,"c_liveliness","click"
695660,5,"s_liveliness","sil"
695660,5,"s_imagination","sil"
695660,3,"u_elegant","um"
695660,4,"u_liveliness","um"
695661,3,"u_texture","um"
695661,4,"u_imagination","um"
695661,4,"s_imagination","sil"
695661,7,"f_imagination","fluent"
695661,5,"s_elegant","sil"
695661,3,"c_texture","click"
695661,3,"s_vintage","sil"
695661,3,"u_balance","um"
695661,3,"c_serene","click"
695661,7,"f_liveliness","fluent"
695661,4,"u_drama","um"
695661,3,"u_serene","um"
695661,4,"s_dynamic","sil"
695661,3,"c_tension","click"
695661,4,"s_texture","sil"
695661,5,"s_liveliness","sil"
695661,4,"c_liveliness","click"
695661,7,"f_elegant","fluent"
695661,3,"c_balance","click"
695661,7,"f_dynamic","fluent"
695661,3,"u_vintage","um"
695661,5,"s_drama","sil"
695661,7,"f_serene","fluent"
695661,4,"c_vintage","click"
695661,7,"f_texture","fluent"
695661,5,"u_dynamic","um"
695661,4,"c_drama","click"
695661,3,"c_elegant","click"
695661,3,"u_tension","um"
695661,4,"s_balance","sil"
695661,4,"s_serene","sil"
695661,5,"f_tension","fluent"
695661,4,"u_liveliness","um"
695661,4,"s_tension","sil"
695661,4,"f_drama","fluent"
695661,5,"u_elegant","um"
695661,7,"f_balance","fluent"
695661,4,"c_dynamic","click"
695661,5,"c_imagination","click"
695661,6,"f_vintage","fluent"
695666,2,"c_serene","click"
695666,5,"s_liveliness","sil"
695666,3,"u_balance","um"
695666,5,"u_dynamic","um"
695666,4,"c_tension","click"
695666,5,"c_balance","click"
695666,5,"u_elegant","um"
695666,2,"c_elegant","click"
695666,6,"f_dynamic","fluent"
695666,4,"s_tension","sil"
695666,6,"s_vintage","sil"
695666,4,"c_drama","click"
695666,6,"f_vintage","fluent"
695666,4,"u_texture","um"
695666,5,"f_serene","fluent"
695666,4,"s_balance","sil"
695666,5,"f_imagination","fluent"
695666,7,"f_texture","fluent"
695666,6,"u_serene","um"
695666,5,"c_liveliness","click"
695666,4,"u_tension","um"
695666,4,"s_texture","sil"
695666,3,"c_imagination","click"
695666,5,"s_drama","sil"
695666,4,"u_drama","um"
695666,3,"s_imagination","sil"
695666,5,"c_texture","click"
695666,4,"s_dynamic","sil"
695666,5,"c_vintage","click"
695666,6,"f_balance","fluent"
695666,7,"f_drama","fluent"
695666,7,"f_liveliness","fluent"
695666,6,"f_elegant","fluent"
695666,7,"f_tension","fluent"
695666,4,"c_dynamic","click"
695666,4,"s_elegant","sil"
695666,3,"u_imagination","um"
695666,3,"u_vintage","um"
695666,4,"s_serene","sil"
695666,5,"u_liveliness","um"
695662,5,"c_tension","click"
695662,5,"s_vintage","sil"
695662,6,"f_liveliness","fluent"
695662,6,"f_serene","fluent"
695662,5,"c_serene","click"
695662,5,"u_vintage","um"
695662,5,"u_texture","um"
695662,5,"c_liveliness","click"
695662,6,"s_balance","sil"
695662,7,"f_tension","fluent"
695662,7,"f_imagination","fluent"
695662,6,"s_tension","sil"
695662,5,"c_balance","click"
695662,5,"u_serene","um"
695662,7,"f_drama","fluent"
695662,5,"u_balance","um"
695662,7,"f_vintage","fluent"
695662,7,"f_dynamic","fluent"
695662,6,"c_texture","click"
695662,6,"c_imagination","click"
695662,5,"u_elegant","um"
695662,5,"u_dynamic","um"
695662,5,"c_vintage","click"
695662,5,"c_dynamic","click"
695662,5,"s_dynamic","sil"
695662,5,"u_drama","um"
695662,7,"f_balance","fluent"
695662,6,"c_elegant","click"
695662,6,"s_drama","sil"
695662,5,"u_tension","um"
695662,7,"s_liveliness","sil"
695662,6,"u_imagination","um"
695662,5,"s_elegant","sil"
695662,6,"c_drama","click"
695662,5,"s_texture","sil"
695662,6,"s_imagination","sil"
695662,6,"u_liveliness","um"
695662,7,"f_texture","fluent"
695662,5,"s_serene","sil"
695662,7,"f_elegant","fluent"
695727,6,"f_liveliness","fluent"
695727,6,"s_drama","sil"
695727,5,"s_tension","sil"
695727,6,"f_texture","fluent"
695727,5,"c_texture","click"
695727,6,"f_drama","fluent"
695727,4,"s_imagination","sil"
695727,7,"f_vintage","fluent"
695727,4,"c_imagination","click"
695727,4,"c_liveliness","click"
695727,5,"s_balance","sil"
695727,4,"s_serene","sil"
695727,3,"s_dynamic","sil"
695727,4,"u_tension","um"
695727,4,"u_liveliness","um"
695727,4,"c_dynamic","click"
695727,6,"f_balance","fluent"
695727,4,"u_balance","um"
695727,4,"c_elegant","click"
695727,5,"s_vintage","sil"
695727,4,"c_vintage","click"
695727,5,"f_tension","fluent"
695727,5,"u_texture","um"
695727,6,"u_serene","um"
695727,4,"u_elegant","um"
695727,5,"u_dynamic","um"
695727,7,"f_serene","fluent"
695727,7,"f_elegant","fluent"
695727,6,"s_elegant","sil"
695727,5,"u_drama","um"
695727,4,"c_serene","click"
695727,5,"s_texture","sil"
695727,4,"c_tension","click"
695727,6,"f_imagination","fluent"
695727,5,"s_liveliness","sil"
695727,5,"u_imagination","um"
695727,4,"c_balance","click"
695727,7,"f_dynamic","fluent"
695727,5,"u_vintage","um"
695727,5,"c_drama","click"
695728,6,"c_serene","click"
695728,6,"c_imagination","click"
695728,6,"u_vintage","um"
695728,6,"u_texture","um"
695728,6,"s_drama","sil"
695728,5,"u_balance","um"
695728,6,"s_vintage","sil"
695728,7,"f_drama","fluent"
695728,7,"u_imagination","um"
695728,7,"s_texture","sil"
695728,5,"c_elegant","click"
695728,6,"c_liveliness","click"
695728,7,"f_texture","fluent"
695728,6,"c_vintage","click"
695728,6,"s_serene","sil"
695728,7,"f_tension","fluent"
695728,6,"u_serene","um"
695728,6,"u_tension","um"
695728,6,"c_texture","click"
695728,7,"f_serene","fluent"
695728,6,"u_elegant","um"
695728,6,"s_liveliness","sil"
695728,7,"f_elegant","fluent"
695728,6,"s_balance","sil"
695728,6,"s_imagination","sil"
695728,7,"f_imagination","fluent"
695728,6,"c_tension","click"
695728,7,"f_liveliness","fluent"
695728,6,"u_drama","um"
695728,7,"s_tension","sil"
695728,6,"c_drama","click"
695728,7,"s_elegant","sil"
695728,6,"f_dynamic","fluent"
695728,6,"u_dynamic","um"
695728,7,"f_balance","fluent"
695728,7,"u_liveliness","um"
695728,6,"s_dynamic","sil"
695728,6,"c_dynamic","click"
695728,7,"f_vintage","fluent"
695728,6,"c_balance","click"
695730,3,"c_drama","click"
695730,3,"s_serene","sil"
695730,5,"s_vintage","sil"
695730,6,"f_liveliness","fluent"
695730,4,"u_elegant","um"
695730,5,"u_serene","um"
695730,4,"c_tension","click"
695730,5,"c_serene","click"
695730,3,"u_liveliness","um"
695730,4,"u_texture","um"
695730,5,"s_drama","sil"
695730,4,"u_dynamic","um"
695730,7,"f_texture","fluent"
695730,3,"c_elegant","click"
695730,5,"u_imagination","um"
695730,3,"c_dynamic","click"
695730,6,"s_liveliness","sil"
695730,7,"f_serene","fluent"
695730,7,"f_drama","fluent"
695730,4,"c_vintage","click"
695730,3,"u_vintage","um"
695730,5,"c_texture","click"
695730,5,"s_dynamic","sil"
695730,5,"s_elegant","sil"
695730,7,"f_tension","fluent"
695730,6,"s_imagination","sil"
695730,5,"s_texture","sil"
695730,6,"f_elegant","fluent"
695730,7,"f_balance","fluent"
695730,5,"u_tension","um"
695730,3,"c_liveliness","click"
695730,3,"c_balance","click"
695730,5,"u_drama","um"
695730,5,"s_balance","sil"
695730,5,"f_dynamic","fluent"
695730,3,"c_imagination","click"
695730,3,"s_tension","sil"
695730,6,"u_balance","um"
695730,7,"f_imagination","fluent"
695730,5,"f_vintage","fluent"
695731,5,"u_elegant","um"
695731,4,"c_imagination","click"
695731,5,"s_serene","sil"
695731,7,"f_drama","fluent"
695731,6,"s_imagination","sil"
695731,7,"f_elegant","fluent"
695731,5,"c_balance","click"
695731,5,"u_serene","um"
695731,5,"s_elegant","sil"
695731,4,"u_texture","um"
695731,7,"f_dynamic","fluent"
695731,4,"c_liveliness","click"
695731,5,"u_imagination","um"
695731,4,"u_balance","um"
695731,7,"f_balance","fluent"
695731,3,"c_drama","click"
695731,6,"s_texture","sil"
695731,4,"c_serene","click"
695731,6,"s_vintage","sil"
695731,4,"c_vintage","click"
695731,4,"c_dynamic","click"
695731,7,"f_serene","fluent"
695731,7,"f_imagination","fluent"
695731,3,"u_tension","um"
695731,4,"s_dynamic","sil"
695731,7,"f_texture","fluent"
695731,4,"u_drama","um"
695731,5,"u_liveliness","um"
695731,5,"s_liveliness","sil"
695731,4,"s_tension","sil"
695731,7,"f_liveliness","fluent"
695731,5,"c_texture","click"
695731,7,"f_vintage","fluent"
695731,5,"u_dynamic","um"
695731,5,"s_balance","sil"
695731,4,"u_vintage","um"
695731,6,"s_drama","sil"
695731,3,"c_elegant","click"
695731,3,"c_tension","click"
695731,7,"f_tension","fluent"
695732,3,"f_liveliness","fluent"
695732,2,"u_imagination","um"
695732,3,"f_balance","fluent"
695732,3,"c_imagination","click"
695732,4,"u_liveliness","um"
695732,4,"s_imagination","sil"
695732,3,"u_serene","um"
695732,4,"s_drama","sil"
695732,4,"c_serene","click"
695732,4,"u_elegant","um"
695732,4,"u_drama","um"
695732,4,"c_elegant","click"
695732,3,"u_tension","um"
695732,4,"s_texture","sil"
695732,5,"f_tension","fluent"
695732,5,"f_serene","fluent"
695732,5,"f_dynamic","fluent"
695732,4,"u_dynamic","um"
695732,4,"s_elegant","sil"
695732,4,"s_balance","sil"
695732,4,"c_texture","click"
695732,4,"c_liveliness","click"
695732,5,"f_imagination","fluent"
695732,4,"u_vintage","um"
695732,4,"c_drama","click"
695732,4,"f_vintage","fluent"
695732,5,"f_drama","fluent"
695732,5,"u_texture","um"
695732,5,"c_vintage","click"
695732,4,"s_tension","sil"
695732,4,"s_dynamic","sil"
695732,5,"s_vintage","sil"
695732,6,"s_liveliness","sil"
695732,6,"f_texture","fluent"
695732,5,"c_balance","click"
695732,5,"u_balance","um"
695732,6,"f_elegant","fluent"
695732,3,"s_serene","sil"
695732,4,"c_tension","click"
695732,5,"c_dynamic","click"
695733,4,"s_tension","sil"
695733,5,"f_vintage","fluent"
695733,3,"s_vintage","sil"
695733,4,"u_dynamic","um"
695733,7,"f_liveliness","fluent"
695733,7,"f_tension","fluent"
695733,3,"u_texture","um"
695733,3,"u_liveliness","um"
695733,2,"s_dynamic","sil"
695733,1,"c_drama","click"
695733,2,"c_liveliness","click"
695733,6,"f_elegant","fluent"
695733,3,"u_elegant","um"
695733,6,"f_texture","fluent"
695733,4,"s_texture","sil"
695733,3,"s_elegant","sil"
695733,7,"f_balance","fluent"
695733,7,"f_serene","fluent"
695733,4,"c_serene","click"
695733,6,"f_imagination","fluent"
695733,6,"s_liveliness","sil"
695733,2,"c_tension","click"
695733,3,"c_imagination","click"
695733,1,"s_balance","sil"
695733,2,"u_balance","um"
695733,3,"c_texture","click"
695733,1,"s_serene","sil"
695733,5,"s_drama","sil"
695733,4,"s_imagination","sil"
695733,5,"f_dynamic","fluent"
695733,3,"c_balance","click"
695733,6,"f_drama","fluent"
695733,2,"u_drama","um"
695733,2,"u_tension","um"
695733,3,"c_vintage","click"
695733,4,"u_serene","um"
695733,4,"u_imagination","um"
695733,4,"c_dynamic","click"
695733,3,"u_vintage","um"
695733,3,"c_elegant","click"
695734,4,"c_tension","click"
695734,5,"f_balance","fluent"
695734,3,"s_vintage","sil"
695734,3,"s_serene","sil"
695734,3,"u_tension","um"
695734,4,"s_elegant","sil"
695734,3,"c_drama","click"
695734,3,"s_tension","sil"
695734,6,"f_imagination","fluent"
695734,4,"c_balance","click"
695734,5,"f_liveliness","fluent"
695734,5,"c_imagination","click"
695734,4,"u_dynamic","um"
695734,5,"f_vintage","fluent"
695734,5,"u_liveliness","um"
695734,6,"f_texture","fluent"
695734,5,"s_texture","sil"
695734,6,"f_elegant","fluent"
695734,4,"c_liveliness","click"
695734,5,"s_imagination","sil"
695734,4,"u_texture","um"
695734,4,"c_dynamic","click"
695734,5,"c_texture","click"
695734,5,"u_imagination","um"
695734,6,"f_drama","fluent"
695734,7,"f_serene","fluent"
695734,4,"s_dynamic","sil"
695734,3,"c_vintage","click"
695734,6,"f_tension","fluent"
695734,5,"u_serene","um"
695734,4,"c_elegant","click"
695734,4,"u_vintage","um"
695734,5,"s_liveliness","sil"
695734,4,"c_serene","click"
695734,5,"s_balance","sil"
695734,4,"u_balance","um"
695734,5,"u_elegant","um"
695734,4,"f_dynamic","fluent"
695734,4,"s_drama","sil"
695734,5,"u_drama","um"
695736,6,"s_liveliness","sil"
695736,5,"u_elegant","um"
695736,4,"c_serene","click"
695736,2,"c_elegant","click"
695736,4,"u_liveliness","um"
695736,7,"f_serene","fluent"
695736,7,"f_liveliness","fluent"
695736,4,"s_dynamic","sil"
695736,3,"s_tension","sil"
695736,4,"c_imagination","click"
695736,2,"s_elegant","sil"
695736,6,"s_vintage","sil"
695736,3,"u_balance","um"
695736,3,"u_texture","um"
695736,1,"c_tension","click"
695736,6,"s_texture","sil"
695736,7,"f_vintage","fluent"
695736,5,"u_dynamic","um"
695736,5,"f_drama","fluent"
695736,6,"f_dynamic","fluent"
695736,3,"c_drama","click"
695736,6,"u_imagination","um"
695736,1,"u_drama","um"
695736,3,"c_vintage","click"
695736,5,"f_imagination","fluent"
695736,5,"c_texture","click"
695736,6,"s_drama","sil"
695736,4,"s_serene","sil"
695736,7,"f_elegant","fluent"
695736,2,"c_liveliness","click"
695736,5,"s_balance","sil"
695736,7,"s_imagination","sil"
695736,7,"f_texture","fluent"
695736,5,"u_serene","um"
695736,5,"u_vintage","um"
695736,2,"u_tension","um"
695736,4,"f_tension","fluent"
695736,3,"c_balance","click"
695736,6,"f_balance","fluent"
695736,5,"c_dynamic","click"
695737,2,"s_dynamic","sil"
695737,3,"s_imagination","sil"
695737,5,"f_dynamic","fluent"
695737,6,"u_serene","um"
695737,5,"f_drama","fluent"
695737,7,"f_tension","fluent"
695737,3,"s_drama","sil"
695737,5,"f_vintage","fluent"
695737,2,"c_liveliness","click"
695737,1,"u_tension","um"
695737,4,"s_liveliness","sil"
695737,6,"c_elegant","click"
695737,1,"c_tension","click"
695737,5,"f_serene","fluent"
695737,4,"s_elegant","sil"
695737,5,"c_texture","click"
695737,2,"c_imagination","click"
695737,5,"c_serene","click"
695737,5,"f_balance","fluent"
695737,2,"u_balance","um"
695737,2,"c_vintage","click"
695737,3,"s_balance","sil"
695737,5,"u_drama","um"
695737,6,"c_dynamic","click"
695737,2,"u_vintage","um"
695737,1,"s_tension","sil"
695737,4,"u_dynamic","um"
695737,2,"u_liveliness","um"
695737,3,"f_liveliness","fluent"
695737,5,"f_imagination","fluent"
695737,2,"c_drama","click"
695737,3,"f_texture","fluent"
695737,5,"u_imagination","um"
695737,3,"s_serene","sil"
695737,3,"s_texture","sil"
695737,5,"f_elegant","fluent"
695737,4,"u_elegant","um"
695737,3,"s_vintage","sil"
695737,2,"c_balance","click"
695737,4,"u_texture","um"
695738,3,"s_elegant","sil"
695738,3,"c_serene","click"
695738,3,"s_liveliness","sil"
695738,3,"u_balance","um"
695738,2,"c_tension","click"
695738,2,"c_dynamic","click"
695738,3,"c_imagination","click"
695738,5,"f_serene","fluent"
695738,4,"s_balance","sil"
695738,7,"f_texture","fluent"
695738,5,"s_texture","sil"
695738,4,"c_vintage","click"
695738,3,"u_drama","um"
695738,3,"u_dynamic","um"
695738,5,"s_vintage","sil"
695738,6,"f_elegant","fluent"
695738,6,"f_vintage","fluent"
695738,5,"s_imagination","sil"
695738,7,"f_balance","fluent"
695738,3,"u_liveliness","um"
695738,6,"f_tension","fluent"
695738,2,"c_elegant","click"
695738,2,"c_drama","click"
695738,4,"f_drama","fluent"
695738,6,"f_dynamic","fluent"
695738,3,"s_drama","sil"
695738,7,"f_imagination","fluent"
695738,3,"s_tension","sil"
695738,3,"s_dynamic","sil"
695738,3,"c_texture","click"
695738,4,"u_imagination","um"
695738,2,"u_elegant","um"
695738,2,"u_tension","um"
695738,5,"u_vintage","um"
695738,2,"u_texture","um"
695738,5,"c_liveliness","click"
695738,4,"s_serene","sil"
695738,3,"c_balance","click"
695738,6,"f_liveliness","fluent"
695738,4,"u_serene","um"
695739,3,"s_texture","sil"
695739,3,"c_serene","click"
695739,1,"s_imagination","sil"
695739,2,"c_imagination","click"
695739,2,"f_drama","fluent"
695739,4,"u_elegant","um"
695739,2,"s_elegant","sil"
695739,5,"u_liveliness","um"
695739,5,"c_vintage","click"
695739,4,"f_elegant","fluent"
695739,5,"s_vintage","sil"
695739,3,"c_liveliness","click"
695739,3,"u_vintage","um"
695739,6,"f_liveliness","fluent"
695739,4,"s_liveliness","sil"
695739,3,"c_texture","click"
695739,3,"u_balance","um"
695739,5,"f_balance","fluent"
695739,3,"u_dynamic","um"
695739,2,"s_balance","sil"
695739,4,"u_texture","um"
695739,3,"c_balance","click"
695739,3,"u_imagination","um"
695739,4,"c_tension","click"
695739,3,"s_dynamic","sil"
695739,3,"f_dynamic","fluent"
695739,5,"f_texture","fluent"
695739,3,"s_serene","sil"
695739,3,"s_tension","sil"
695739,5,"f_vintage","fluent"
695739,3,"u_tension","um"
695739,4,"u_serene","um"
695739,5,"f_serene","fluent"
695739,3,"u_drama","um"
695739,3,"c_dynamic","click"
695739,3,"s_drama","sil"
695739,3,"c_elegant","click"
695739,3,"c_drama","click"
695739,5,"f_tension","fluent"
695739,5,"f_imagination","fluent"
695742,6,"s_texture","sil"
695742,5,"f_dynamic","fluent"
695742,3,"c_dynamic","click"
695742,7,"f_serene","fluent"
695742,3,"u_tension","um"
695742,7,"f_drama","fluent"
695742,3,"u_texture","um"
695742,3,"u_imagination","um"
695742,2,"c_elegant","click"
695742,3,"c_serene","click"
695742,3,"c_texture","click"
695742,6,"s_vintage","sil"
695742,4,"s_imagination","sil"
695742,7,"f_vintage","fluent"
695742,7,"f_tension","fluent"
695742,7,"f_imagination","fluent"
695742,3,"u_drama","um"
695742,3,"u_vintage","um"
695742,6,"f_texture","fluent"
695742,2,"s_serene","sil"
695742,3,"c_drama","click"
695742,4,"c_imagination","click"
695742,3,"c_tension","click"
695742,6,"s_elegant","sil"
695742,7,"f_elegant","fluent"
695742,6,"s_dynamic","sil"
695742,4,"c_vintage","click"
695742,3,"c_balance","click"
695742,6,"s_liveliness","sil"
695742,4,"s_tension","sil"
695742,3,"u_dynamic","um"
695742,6,"s_drama","sil"
695742,7,"f_liveliness","fluent"
695742,6,"u_liveliness","um"
695742,3,"u_elegant","um"
695742,5,"s_balance","sil"
695742,4,"f_balance","fluent"
695742,3,"c_liveliness","click"
695742,3,"u_balance","um"
695742,3,"u_serene","um"
695743,3,"f_dynamic","fluent"
695743,4,"s_serene","sil"
695743,4,"c_liveliness","click"
695743,4,"s_tension","sil"
695743,2,"u_liveliness","um"
695743,5,"c_imagination","click"
695743,6,"s_texture","sil"
695743,5,"s_vintage","sil"
695743,3,"c_drama","click"
695743,1,"c_tension","click"
695743,7,"f_texture","fluent"
695743,7,"f_imagination","fluent"
695743,7,"f_liveliness","fluent"
695743,4,"u_vintage","um"
695743,4,"s_elegant","sil"
695743,2,"c_dynamic","click"
695743,1,"u_balance","um"
695743,4,"u_elegant","um"
695743,7,"f_vintage","fluent"
695743,4,"u_texture","um"
695743,4,"c_texture","click"
695743,7,"f_drama","fluent"
695743,4,"s_drama","sil"
695743,5,"u_serene","um"
695743,5,"s_imagination","sil"
695743,7,"s_liveliness","sil"
695743,7,"u_imagination","um"
695743,3,"u_tension","um"
695743,1,"c_elegant","click"
695743,3,"c_balance","click"
695743,3,"s_balance","sil"
695743,7,"f_tension","fluent"
695743,7,"f_elegant","fluent"
695743,5,"c_vintage","click"
695743,2,"s_dynamic","sil"
695743,5,"c_serene","click"
695743,7,"f_balance","fluent"
695743,7,"f_serene","fluent"
695743,4,"u_drama","um"
695743,6,"u_dynamic","um"
695744,3,"s_liveliness","sil"
695744,3,"c_serene","click"
695744,5,"f_imagination","fluent"
695744,3,"f_tension","fluent"
695744,5,"f_elegant","fluent"
695744,2,"s_vintage","sil"
695744,4,"f_balance","fluent"
695744,3,"u_dynamic","um"
695744,2,"c_vintage","click"
695744,4,"f_serene","fluent"
695744,2,"u_balance","um"
695744,4,"s_texture","sil"
695744,2,"s_drama","sil"
695744,1,"c_tension","click"
695744,3,"c_texture","click"
695744,4,"f_vintage","fluent"
695744,5,"f_dynamic","fluent"
695744,2,"s_serene","sil"
695744,5,"f_texture","fluent"
695744,5,"f_drama","fluent"
695744,1,"u_drama","um"
695744,1,"s_dynamic","sil"
695744,1,"s_elegant","sil"
695744,2,"u_elegant","um"
695744,1,"c_imagination","click"
695744,2,"c_dynamic","click"
695744,1,"u_tension","um"
695744,3,"u_serene","um"
695744,1,"s_balance","sil"
695744,1,"c_elegant","click"
695744,5,"f_liveliness","fluent"
695744,3,"u_imagination","um"
695744,2,"c_liveliness","click"
695744,3,"s_imagination","sil"
695744,1,"u_vintage","um"
695744,2,"s_tension","sil"
695744,2,"c_drama","click"
695744,3,"u_texture","um"
695744,2,"c_balance","click"
695744,3,"u_liveliness","um"
695745,3,"u_tension","um"
695745,7,"f_elegant","fluent"
695745,6,"f_imagination","fluent"
695745,4,"c_serene","click"
695745,4,"s_dynamic","sil"
695745,4,"u_drama","um"
695745,4,"c_balance","click"
695745,7,"f_texture","fluent"
695745,3,"c_tension","click"
695745,4,"c_drama","click"
695745,7,"f_tension","fluent"
695745,4,"s_tension","sil"
695745,6,"s_texture","sil"
695745,6,"s_vintage","sil"
695745,4,"u_dynamic","um"
695745,7,"f_dynamic","fluent"
695745,5,"s_serene","sil"
695745,3,"c_dynamic","click"
695745,5,"s_balance","sil"
695745,7,"f_serene","fluent"
695745,7,"f_vintage","fluent"
695745,4,"c_liveliness","click"
695745,5,"s_elegant","sil"
695745,4,"u_imagination","um"
695745,4,"u_vintage","um"
695745,4,"u_elegant","um"
695745,4,"c_vintage","click"
695745,4,"c_imagination","click"
695745,4,"u_balance","um"
695745,5,"s_drama","sil"
695745,2,"c_elegant","click"
695745,7,"f_drama","fluent"
695745,6,"s_liveliness","sil"
695745,6,"s_imagination","sil"
695745,7,"f_liveliness","fluent"
695745,4,"u_texture","um"
695745,4,"u_liveliness","um"
695745,7,"f_balance","fluent"
695745,4,"c_texture","click"
695745,4,"u_serene","um"
695746,6,"s_dynamic","sil"
695746,6,"f_texture","fluent"
695746,4,"u_tension","um"
695746,4,"c_tension","click"
695746,4,"u_texture","um"
695746,6,"f_liveliness","fluent"
695746,5,"s_liveliness","sil"
695746,5,"s_balance","sil"
695746,4,"c_balance","click"
695746,4,"u_balance","um"
695746,4,"c_liveliness","click"
695746,4,"c_texture","click"
695746,4,"u_serene","um"
695746,5,"s_texture","sil"
695746,4,"c_vintage","click"
695746,5,"s_serene","sil"
695746,5,"u_liveliness","um"
695746,5,"c_imagination","click"
695746,6,"f_balance","fluent"
695746,5,"u_elegant","um"
695746,4,"c_elegant","click"
695746,5,"c_dynamic","click"
695746,4,"u_vintage","um"
695746,5,"u_dynamic","um"
695746,6,"f_vintage","fluent"
695746,6,"s_vintage","sil"
695746,7,"f_tension","fluent"
695746,6,"f_imagination","fluent"
695746,6,"f_dynamic","fluent"
695746,4,"c_drama","click"
695746,7,"f_serene","fluent"
695746,6,"s_elegant","sil"
695746,7,"f_elegant","fluent"
695746,5,"s_tension","sil"
695746,4,"u_drama","um"
695746,6,"s_imagination","sil"
695746,7,"f_drama","fluent"
695746,4,"c_serene","click"
695746,6,"s_drama","sil"
695746,5,"u_imagination","um"
695747,2,"s_serene","sil"
695747,1,"c_liveliness","click"
695747,2,"c_texture","click"
695747,4,"s_texture","sil"
695747,5,"s_vintage","sil"
695747,4,"s_drama","sil"
695747,6,"f_vintage","fluent"
695747,7,"f_serene","fluent"
695747,7,"f_drama","fluent"
695747,5,"s_balance","sil"
695747,5,"u_liveliness","um"
695747,7,"f_balance","fluent"
695747,4,"u_texture","um"
695747,3,"c_dynamic","click"
695747,1,"u_tension","um"
695747,2,"c_balance","click"
695747,1,"u_balance","um"
695747,5,"f_imagination","fluent"
695747,3,"u_imagination","um"
695747,2,"c_tension","click"
695747,4,"u_dynamic","um"
695747,5,"c_serene","click"
695747,4,"c_elegant","click"
695747,7,"f_texture","fluent"
695747,7,"f_tension","fluent"
695747,6,"f_elegant","fluent"
695747,5,"s_imagination","sil"
695747,4,"u_drama","um"
695747,2,"s_tension","sil"
695747,3,"u_vintage","um"
695747,3,"c_imagination","click"
695747,4,"u_serene","um"
695747,3,"c_drama","click"
695747,3,"c_vintage","click"
695747,4,"s_dynamic","sil"
695747,5,"f_liveliness","fluent"
695747,5,"s_elegant","sil"
695747,6,"s_liveliness","sil"
695747,4,"u_elegant","um"
695747,7,"f_dynamic","fluent"
695748,5,"u_vintage","um"
695748,6,"s_serene","sil"
695748,7,"f_serene","fluent"
695748,5,"s_tension","sil"
695748,7,"f_tension","fluent"
695748,5,"u_elegant","um"
695748,5,"s_elegant","sil"
695748,7,"f_balance","fluent"
695748,6,"c_vintage","click"
695748,6,"s_texture","sil"
695748,7,"f_dynamic","fluent"
695748,5,"u_imagination","um"
695748,5,"u_serene","um"
695748,7,"f_texture","fluent"
695748,6,"s_imagination","sil"
695748,5,"c_imagination","click"
695748,7,"f_imagination","fluent"
695748,4,"u_tension","um"
695748,7,"f_liveliness","fluent"
695748,5,"u_dynamic","um"
695748,5,"c_dynamic","click"
695748,4,"u_balance","um"
695748,6,"s_balance","sil"
695748,4,"c_liveliness","click"
695748,4,"u_texture","um"
695748,4,"c_serene","click"
695748,6,"s_liveliness","sil"
695748,3,"c_tension","click"
695748,4,"u_liveliness","um"
695748,3,"c_drama","click"
695748,4,"u_drama","um"
695748,5,"s_drama","sil"
695748,6,"s_dynamic","sil"
695748,7,"f_drama","fluent"
695748,5,"c_balance","click"
695748,7,"f_elegant","fluent"
695748,7,"f_vintage","fluent"
695748,4,"c_elegant","click"
695748,5,"c_texture","click"
695748,6,"s_vintage","sil"
695749,5,"s_texture","sil"
695749,4,"c_serene","click"
695749,6,"f_dynamic","fluent"
695749,3,"c_imagination","click"
695749,3,"c_vintage","click"
695749,3,"u_serene","um"
695749,4,"s_elegant","sil"
695749,7,"f_tension","fluent"
695749,4,"c_texture","click"
695749,3,"c_dynamic","click"
695749,3,"u_liveliness","um"
695749,3,"u_dynamic","um"
695749,6,"f_liveliness","fluent"
695749,4,"u_texture","um"
695749,5,"s_vintage","sil"
695749,4,"u_imagination","um"
695749,6,"f_balance","fluent"
695749,4,"s_liveliness","sil"
695749,4,"c_balance","click"
695749,6,"f_elegant","fluent"
695749,6,"s_serene","sil"
695749,3,"u_balance","um"
695749,4,"s_tension","sil"
695749,4,"s_imagination","sil"
695749,3,"c_tension","click"
695749,6,"f_texture","fluent"
695749,3,"u_tension","um"
695749,3,"c_drama","click"
695749,5,"f_serene","fluent"
695749,6,"f_drama","fluent"
695749,4,"u_elegant","um"
695749,4,"s_balance","sil"
695749,6,"f_vintage","fluent"
695749,3,"u_drama","um"
695749,4,"u_vintage","um"
695749,3,"c_liveliness","click"
695749,4,"s_drama","sil"
695749,4,"s_dynamic","sil"
695749,7,"f_imagination","fluent"
695749,2,"c_elegant","click"
695752,3,"u_tension","um"
695752,5,"f_imagination","fluent"
695752,4,"c_liveliness","click"
695752,4,"u_drama","um"
695752,2,"s_serene","sil"
695752,3,"u_liveliness","um"
695752,4,"u_dynamic","um"
695752,3,"c_elegant","click"
695752,4,"s_liveliness","sil"
695752,4,"s_texture","sil"
695752,6,"f_vintage","fluent"
695752,4,"u_balance","um"
695752,4,"s_imagination","sil"
695752,5,"f_liveliness","fluent"
695752,4,"u_serene","um"
695752,2,"s_dynamic","sil"
695752,3,"c_drama","click"
695752,5,"c_imagination","click"
695752,3,"u_imagination","um"
695752,4,"u_texture","um"
695752,6,"f_drama","fluent"
695752,5,"s_balance","sil"
695752,4,"c_vintage","click"
695752,3,"s_tension","sil"
695752,6,"f_balance","fluent"
695752,5,"c_serene","click"
695752,4,"u_elegant","um"
695752,4,"c_texture","click"
695752,5,"f_dynamic","fluent"
695752,3,"c_dynamic","click"
695752,5,"s_drama","sil"
695752,3,"c_tension","click"
695752,5,"s_vintage","sil"
695752,6,"f_elegant","fluent"
695752,3,"u_vintage","um"
695752,6,"f_serene","fluent"
695752,6,"f_tension","fluent"
695752,5,"c_balance","click"
695752,4,"s_elegant","sil"
695752,6,"f_texture","fluent"
695756,2,"u_tension","um"
695756,5,"f_tension","fluent"
695756,2,"c_tension","click"
695756,5,"f_balance","fluent"
695756,6,"f_dynamic","fluent"
695756,6,"s_balance","sil"
695756,3,"c_elegant","click"
695756,3,"c_dynamic","click"
695756,5,"s_elegant","sil"
695756,6,"f_serene","fluent"
695756,5,"u_balance","um"
695756,7,"s_liveliness","sil"
695756,7,"c_texture","click"
695756,5,"c_balance","click"
695756,5,"c_serene","click"
695756,5,"u_liveliness","um"
695756,4,"s_serene","sil"
695756,5,"u_texture","um"
695756,5,"s_dynamic","sil"
695756,5,"u_elegant","um"
695756,6,"s_vintage","sil"
695756,6,"s_drama","sil"
695756,6,"f_imagination","fluent"
695756,6,"f_drama","fluent"
695756,4,"u_serene","um"
695756,4,"u_vintage","um"
695756,5,"s_tension","sil"
695756,5,"c_imagination","click"
695756,4,"c_liveliness","click"
695756,4,"c_vintage","click"
695756,4,"u_imagination","um"
695756,4,"c_drama","click"
695756,6,"f_elegant","fluent"
695756,5,"f_vintage","fluent"
695756,5,"f_texture","fluent"
695756,5,"s_imagination","sil"
695756,5,"u_dynamic","um"
695756,5,"s_texture","sil"
695756,5,"u_drama","um"
695756,6,"f_liveliness","fluent"
695761,3,"s_elegant","sil"
695761,4,"u_liveliness","um"
695761,2,"s_tension","sil"
695761,3,"c_balance","click"
695761,5,"s_liveliness","sil"
695761,5,"f_dynamic","fluent"
695761,7,"f_tension","fluent"
695761,4,"u_dynamic","um"
695761,7,"f_balance","fluent"
695761,2,"u_drama","um"
695761,5,"s_texture","sil"
695761,7,"f_liveliness","fluent"
695761,2,"c_serene","click"
695761,2,"c_dynamic","click"
695761,4,"s_serene","sil"
695761,2,"c_tension","click"
695761,2,"u_balance","um"
695761,4,"s_drama","sil"
695761,1,"c_elegant","click"
695761,7,"f_texture","fluent"
695761,7,"f_drama","fluent"
695761,6,"f_elegant","fluent"
695761,2,"c_drama","click"
695761,2,"c_imagination","click"
695761,2,"u_serene","um"
695761,5,"s_vintage","sil"
695761,2,"s_dynamic","sil"
695761,1,"c_vintage","click"
695761,2,"c_texture","click"
695761,1,"u_tension","um"
695761,1,"u_texture","um"
695761,7,"f_vintage","fluent"
695761,4,"s_imagination","sil"
695761,2,"u_elegant","um"
695761,6,"f_imagination","fluent"
695761,2,"u_vintage","um"
695761,7,"f_serene","fluent"
695761,3,"u_imagination","um"
695761,2,"c_liveliness","click"
695761,5,"s_balance","sil"
695764,6,"c_serene","click"
695764,5,"s_liveliness","sil"
695764,4,"u_texture","um"
695764,6,"f_serene","fluent"
695764,5,"u_imagination","um"
695764,2,"u_vintage","um"
695764,4,"s_texture","sil"
695764,5,"c_tension","click"
695764,3,"u_balance","um"
695764,6,"c_liveliness","click"
695764,6,"c_imagination","click"
695764,3,"s_balance","sil"
695764,5,"u_tension","um"
695764,4,"s_elegant","sil"
695764,3,"c_balance","click"
695764,5,"s_dynamic","sil"
695764,3,"u_drama","um"
695764,6,"f_balance","fluent"
695764,5,"s_tension","sil"
695764,3,"c_texture","click"
695764,2,"c_drama","click"
695764,5,"s_imagination","sil"
695764,6,"f_texture","fluent"
695764,6,"u_liveliness","um"
695764,5,"f_tension","fluent"
695764,2,"u_serene","um"
695764,3,"f_vintage","fluent"
695764,6,"c_dynamic","click"
695764,1,"u_elegant","um"
695764,3,"c_elegant","click"
695764,4,"s_vintage","sil"
695764,3,"f_elegant","fluent"
695764,6,"f_liveliness","fluent"
695764,6,"s_drama","sil"
695764,6,"u_dynamic","um"
695764,2,"f_drama","fluent"
695764,2,"c_vintage","click"
695764,4,"s_serene","sil"
695764,5,"f_imagination","fluent"
695764,6,"f_dynamic","fluent"
695750,5,"f_vintage","fluent"
695750,6,"c_dynamic","click"
695750,4,"c_liveliness","click"
695750,3,"u_tension","um"
695750,4,"f_elegant","fluent"
695750,4,"c_vintage","click"
695750,6,"s_tension","sil"
695750,6,"f_tension","fluent"
695750,6,"f_balance","fluent"
695750,5,"c_texture","click"
695750,3,"c_serene","click"
695750,2,"s_elegant","sil"
695750,2,"c_tension","click"
695750,3,"s_texture","sil"
695750,4,"s_liveliness","sil"
695750,2,"u_elegant","um"
695750,1,"u_imagination","um"
695750,1,"s_dynamic","sil"
695750,2,"s_serene","sil"
695750,3,"c_drama","click"
695750,2,"u_drama","um"
695750,3,"c_imagination","click"
695750,4,"u_serene","um"
695750,4,"u_texture","um"
695750,2,"u_vintage","um"
695750,2,"s_vintage","sil"
695750,5,"f_dynamic","fluent"
695750,5,"f_texture","fluent"
695750,2,"c_elegant","click"
695750,2,"s_imagination","sil"
695750,5,"f_liveliness","fluent"
695750,5,"f_imagination","fluent"
695750,4,"s_drama","sil"
695750,2,"s_balance","sil"
695750,3,"u_liveliness","um"
695750,5,"f_serene","fluent"
695750,4,"u_dynamic","um"
695750,6,"f_drama","fluent"
695750,4,"c_balance","click"
695750,3,"u_balance","um"
695751,5,"f_serene","fluent"
695751,2,"u_texture","um"
695751,2,"c_balance","click"
695751,2,"c_drama","click"
695751,1,"u_vintage","um"
695751,6,"f_imagination","fluent"
695751,2,"c_dynamic","click"
695751,7,"f_drama","fluent"
695751,2,"u_imagination","um"
695751,1,"u_tension","um"
695751,3,"s_imagination","sil"
695751,2,"u_drama","um"
695751,7,"f_texture","fluent"
695751,5,"s_balance","sil"
695751,2,"c_liveliness","click"
695751,2,"c_texture","click"
695751,7,"f_dynamic","fluent"
695751,4,"s_dynamic","sil"
695751,2,"u_serene","um"
695751,2,"c_imagination","click"
695751,7,"f_vintage","fluent"
695751,4,"s_elegant","sil"
695751,2,"u_balance","um"
695751,5,"s_drama","sil"
695751,4,"s_tension","sil"
695751,2,"c_elegant","click"
695751,1,"u_elegant","um"
695751,3,"u_liveliness","um"
695751,6,"f_elegant","fluent"
695751,2,"c_tension","click"
695751,6,"s_liveliness","sil"
695751,7,"f_liveliness","fluent"
695751,2,"c_vintage","click"
695751,5,"s_vintage","sil"
695751,3,"u_dynamic","um"
695751,4,"s_texture","sil"
695751,2,"c_serene","click"
695751,7,"f_balance","fluent"
695751,7,"f_tension","fluent"
695751,3,"s_serene","sil"
695753,3,"f_drama","fluent"
695753,6,"s_imagination","sil"
695753,6,"c_vintage","click"
695753,2,"c_elegant","click"
695753,2,"s_elegant","sil"
695753,5,"s_liveliness","sil"
695753,6,"s_vintage","sil"
695753,5,"f_tension","fluent"
695753,2,"u_liveliness","um"
695753,4,"s_tension","sil"
695753,4,"c_texture","click"
695753,5,"u_serene","um"
695753,5,"f_serene","fluent"
695753,4,"s_serene","sil"
695753,2,"u_elegant","um"
695753,5,"u_texture","um"
695753,4,"s_drama","sil"
695753,4,"c_tension","click"
695753,4,"c_balance","click"
695753,6,"s_dynamic","sil"
695753,6,"u_vintage","um"
695753,4,"u_dynamic","um"
695753,6,"f_texture","fluent"
695753,6,"f_imagination","fluent"
695753,5,"s_balance","sil"
695753,4,"f_balance","fluent"
695753,2,"u_tension","um"
695753,4,"c_serene","click"
695753,6,"u_imagination","um"
695753,6,"f_vintage","fluent"
695753,6,"f_elegant","fluent"
695753,3,"s_texture","sil"
695753,2,"c_liveliness","click"
695753,5,"u_drama","um"
695753,3,"c_imagination","click"
695753,5,"f_liveliness","fluent"
695753,3,"c_drama","click"
695753,5,"f_dynamic","fluent"
695753,4,"c_dynamic","click"
695753,4,"u_balance","um"
695754,5,"u_imagination","um"
695754,7,"f_vintage","fluent"
695754,4,"s_tension","sil"
695754,3,"u_serene","um"
695754,4,"c_texture","click"
695754,3,"s_texture","sil"
695754,4,"c_serene","click"
695754,6,"s_liveliness","sil"
695754,7,"f_dynamic","fluent"
695754,7,"f_texture","fluent"
695754,5,"c_balance","click"
695754,7,"f_tension","fluent"
695754,5,"c_imagination","click"
695754,3,"u_tension","um"
695754,4,"u_dynamic","um"
695754,2,"u_drama","um"
695754,7,"f_imagination","fluent"
695754,7,"f_elegant","fluent"
695754,2,"u_balance","um"
695754,2,"c_elegant","click"
695754,3,"c_dynamic","click"
695754,4,"u_elegant","um"
695754,7,"f_drama","fluent"
695754,5,"s_vintage","sil"
695754,4,"s_drama","sil"
695754,3,"c_tension","click"
695754,4,"u_texture","um"
695754,7,"f_serene","fluent"
695754,4,"s_dynamic","sil"
695754,5,"u_liveliness","um"
695754,4,"s_imagination","sil"
695754,4,"c_drama","click"
695754,6,"f_balance","fluent"
695754,7,"f_liveliness","fluent"
695754,4,"c_liveliness","click"
695754,5,"s_balance","sil"
695754,3,"s_serene","sil"
695754,5,"u_vintage","um"
695754,5,"s_elegant","sil"
695754,5,"c_vintage","click"
695755,7,"s_imagination","sil"
695755,5,"u_liveliness","um"
695755,4,"s_serene","sil"
695755,4,"u_balance","um"
695755,4,"s_dynamic","sil"
695755,4,"c_imagination","click"
695755,7,"f_elegant","fluent"
695755,4,"c_balance","click"
695755,4,"c_dynamic","click"
695755,4,"s_elegant","sil"
695755,4,"s_drama","sil"
695755,4,"u_vintage","um"
695755,7,"f_imagination","fluent"
695755,5,"s_texture","sil"
695755,3,"c_serene","click"
695755,3,"c_vintage","click"
695755,7,"f_liveliness","fluent"
695755,6,"s_tension","sil"
695755,7,"f_serene","fluent"
695755,2,"c_liveliness","click"
695755,4,"s_liveliness","sil"
695755,7,"f_drama","fluent"
695755,7,"f_texture","fluent"
695755,2,"c_elegant","click"
695755,1,"u_texture","um"
695755,4,"u_elegant","um"
695755,5,"u_imagination","um"
695755,4,"u_serene","um"
695755,6,"s_vintage","sil"
695755,4,"u_drama","um"
695755,2,"u_tension","um"
695755,5,"u_dynamic","um"
695755,4,"s_balance","sil"
695755,3,"c_tension","click"
695755,7,"f_balance","fluent"
695755,7,"f_tension","fluent"
695755,6,"c_texture","click"
695755,7,"f_dynamic","fluent"
695755,7,"f_vintage","fluent"
695755,4,"c_drama","click"
695759,4,"f_texture","fluent"
695759,3,"c_liveliness","click"
695759,4,"s_liveliness","sil"
695759,6,"f_liveliness","fluent"
695759,5,"f_elegant","fluent"
695759,5,"f_vintage","fluent"
695759,3,"c_balance","click"
695759,3,"u_vintage","um"
695759,2,"c_elegant","click"
695759,3,"s_tension","sil"
695759,4,"s_texture","sil"
695759,3,"u_balance","um"
695759,5,"f_imagination","fluent"
695759,3,"s_dynamic","sil"
695759,2,"u_serene","um"
695759,3,"c_drama","click"
695759,3,"s_drama","sil"
695759,6,"f_serene","fluent"
695759,3,"s_balance","sil"
695759,3,"s_imagination","sil"
695759,2,"u_liveliness","um"
695759,3,"c_imagination","click"
695759,4,"s_elegant","sil"
695759,3,"u_tension","um"
695759,5,"f_tension","fluent"
695759,5,"u_dynamic","um"
695759,3,"c_texture","click"
695759,3,"u_imagination","um"
695759,3,"c_vintage","click"
695759,3,"c_tension","click"
695759,4,"s_vintage","sil"
695759,6,"f_dynamic","fluent"
695759,3,"s_serene","sil"
695759,4,"u_drama","um"
695759,3,"u_texture","um"
695759,4,"f_drama","fluent"
695759,6,"f_balance","fluent"
695759,3,"c_dynamic","click"
695759,4,"u_elegant","um"
695759,3,"c_serene","click"
695762,4,"u_drama","um"
695762,4,"u_texture","um"
695762,4,"u_liveliness","um"
695762,6,"f_balance","fluent"
695762,6,"f_texture","fluent"
695762,5,"c_texture","click"
695762,3,"s_tension","sil"
695762,2,"s_serene","sil"
695762,3,"u_tension","um"
695762,7,"f_drama","fluent"
695762,6,"s_texture","sil"
695762,7,"f_serene","fluent"
695762,3,"s_imagination","sil"
695762,5,"f_liveliness","fluent"
695762,5,"f_imagination","fluent"
695762,4,"c_vintage","click"
695762,5,"s_liveliness","sil"
695762,2,"u_vintage","um"
695762,3,"u_balance","um"
695762,4,"s_balance","sil"
695762,4,"s_elegant","sil"
695762,5,"f_vintage","fluent"
695762,4,"s_vintage","sil"
695762,3,"c_serene","click"
695762,3,"u_serene","um"
695762,2,"c_tension","click"
695762,2,"c_liveliness","click"
695762,2,"c_balance","click"
695762,2,"u_imagination","um"
695762,4,"f_dynamic","fluent"
695762,3,"s_drama","sil"
695762,2,"u_elegant","um"
695762,4,"f_elegant","fluent"
695762,5,"f_tension","fluent"
695762,2,"c_imagination","click"
695762,1,"c_drama","click"
695762,2,"c_dynamic","click"
695762,2,"s_dynamic","sil"
695762,2,"u_dynamic","um"
695762,1,"c_elegant","click"
695765,6,"f_vintage","fluent"
695765,4,"c_texture","click"
695765,3,"u_imagination","um"
695765,3,"u_drama","um"
695765,5,"f_texture","fluent"
695765,6,"s_imagination","sil"
695765,3,"c_balance","click"
695765,6,"f_serene","fluent"
695765,3,"c_vintage","click"
695765,5,"s_drama","sil"
695765,6,"f_elegant","fluent"
695765,5,"s_liveliness","sil"
695765,5,"f_liveliness","fluent"
695765,5,"s_balance","sil"
695765,3,"u_tension","um"
695765,3,"c_serene","click"
695765,4,"s_texture","sil"
695765,2,"c_liveliness","click"
695765,6,"f_imagination","fluent"
695765,6,"f_tension","fluent"
695765,6,"f_dynamic","fluent"
695765,2,"c_drama","click"
695765,5,"s_elegant","sil"
695765,3,"u_balance","um"
695765,3,"u_liveliness","um"
695765,1,"c_tension","click"
695765,2,"u_elegant","um"
695765,3,"c_imagination","click"
695765,3,"s_dynamic","sil"
695765,2,"u_serene","um"
695765,5,"s_vintage","sil"
695765,3,"u_dynamic","um"
695765,1,"c_elegant","click"
695765,3,"s_tension","sil"
695765,5,"f_drama","fluent"
695765,4,"s_serene","sil"
695765,2,"c_dynamic","click"
695765,2,"u_vintage","um"
695765,5,"f_balance","fluent"
695765,3,"u_texture","um"
695766,5,"u_drama","um"
695766,3,"c_tension","click"
695766,3,"s_balance","sil"
695766,6,"f_balance","fluent"
695766,4,"c_dynamic","click"
695766,3,"s_serene","sil"
695766,3,"u_imagination","um"
695766,7,"f_serene","fluent"
695766,2,"c_liveliness","click"
695766,7,"f_elegant","fluent"
695766,2,"s_tension","sil"
695766,3,"u_elegant","um"
695766,1,"u_tension","um"
695766,6,"f_liveliness","fluent"
695766,1,"c_serene","click"
695766,7,"f_tension","fluent"
695766,6,"f_vintage","fluent"
695766,5,"f_texture","fluent"
695766,6,"f_imagination","fluent"
695766,5,"s_elegant","sil"
695766,5,"s_texture","sil"
695766,4,"u_dynamic","um"
695766,4,"s_imagination","sil"
695766,5,"s_drama","sil"
695766,3,"c_vintage","click"
695766,2,"c_imagination","click"
695766,1,"c_balance","click"
695766,3,"s_vintage","sil"
695766,1,"c_elegant","click"
695766,6,"s_liveliness","sil"
695766,7,"f_dynamic","fluent"
695766,1,"c_drama","click"
695766,6,"f_drama","fluent"
695766,5,"u_serene","um"
695766,2,"u_texture","um"
695766,2,"s_dynamic","sil"
695766,1,"u_balance","um"
695766,3,"c_texture","click"
695766,3,"u_liveliness","um"
695766,2,"u_vintage","um"
695767,5,"u_dynamic","um"
695767,5,"s_liveliness","sil"
695767,4,"c_drama","click"
695767,4,"c_dynamic","click"
695767,5,"u_texture","um"
695767,5,"f_liveliness","fluent"
695767,5,"f_imagination","fluent"
695767,5,"f_vintage","fluent"
695767,4,"c_imagination","click"
695767,6,"f_drama","fluent"
695767,5,"s_texture","sil"
695767,4,"s_tension","sil"
695767,4,"u_liveliness","um"
695767,4,"c_texture","click"
695767,4,"u_imagination","um"
695767,4,"u_elegant","um"
695767,4,"u_drama","um"
695767,5,"s_drama","sil"
695767,6,"f_elegant","fluent"
695767,5,"s_elegant","sil"
695767,4,"c_vintage","click"
695767,4,"s_dynamic","sil"
695767,3,"c_tension","click"
695767,3,"u_tension","um"
695767,4,"s_balance","sil"
695767,6,"f_balance","fluent"
695767,4,"s_imagination","sil"
695767,4,"u_serene","um"
695767,6,"f_tension","fluent"
695767,3,"c_elegant","click"
695767,5,"f_dynamic","fluent"
695767,3,"u_balance","um"
695767,3,"c_liveliness","click"
695767,4,"c_balance","click"
695767,3,"u_vintage","um"
695767,5,"f_texture","fluent"
695767,3,"s_serene","sil"
695767,4,"s_vintage","sil"
695767,3,"c_serene","click"
695767,6,"f_serene","fluent"
695769,3,"c_imagination","click"
695769,5,"f_dynamic","fluent"
695769,3,"s_drama","sil"
695769,3,"f_serene","fluent"
695769,5,"f_texture","fluent"
695769,2,"c_serene","click"
695769,3,"c_vintage","click"
695769,3,"s_tension","sil"
695769,3,"c_dynamic","click"
695769,6,"f_tension","fluent"
695769,3,"s_dynamic","sil"
695769,3,"s_serene","sil"
695769,4,"u_balance","um"
695769,4,"s_imagination","sil"
695769,4,"u_drama","um"
695769,5,"f_drama","fluent"
695769,5,"s_liveliness","sil"
695769,3,"u_tension","um"
695769,6,"f_liveliness","fluent"
695769,4,"u_dynamic","um"
695769,4,"c_balance","click"
695769,4,"u_liveliness","um"
695769,4,"u_serene","um"
695769,3,"u_vintage","um"
695769,6,"f_imagination","fluent"
695769,5,"s_elegant","sil"
695769,4,"s_balance","sil"
695769,3,"c_drama","click"
695769,4,"u_texture","um"
695769,4,"s_vintage","sil"
695769,3,"c_tension","click"
695769,4,"u_elegant","um"
695769,4,"c_elegant","click"
695769,4,"u_imagination","um"
695769,4,"c_texture","click"
695769,5,"f_vintage","fluent"
695769,4,"c_liveliness","click"
695769,5,"s_texture","sil"
695769,4,"f_elegant","fluent"
695769,6,"f_balance","fluent"
695771,6,"f_drama","fluent"
695771,3,"c_elegant","click"
695771,4,"c_tension","click"
695771,4,"f_imagination","fluent"
695771,2,"u_elegant","um"
695771,5,"c_vintage","click"
695771,5,"s_dynamic","sil"
695771,5,"c_dynamic","click"
695771,4,"c_balance","click"
695771,4,"c_imagination","click"
695771,5,"c_serene","click"
695771,3,"u_tension","um"
695771,5,"s_vintage","sil"
695771,6,"f_serene","fluent"
695771,5,"s_elegant","sil"
695771,6,"f_vintage","fluent"
695771,5,"u_texture","um"
695771,5,"s_tension","sil"
695771,5,"u_drama","um"
695771,7,"f_tension","fluent"
695771,5,"s_texture","sil"
695771,5,"s_drama","sil"
695771,7,"f_balance","fluent"
695771,7,"f_texture","fluent"
695771,7,"f_liveliness","fluent"
695771,5,"u_balance","um"
695771,4,"c_texture","click"
695771,6,"f_elegant","fluent"
695771,5,"c_liveliness","click"
695771,5,"u_vintage","um"
695771,6,"u_serene","um"
695771,6,"s_liveliness","sil"
695771,4,"s_serene","sil"
695771,6,"f_dynamic","fluent"
695771,5,"u_dynamic","um"
695771,4,"c_drama","click"
695771,5,"s_balance","sil"
695771,5,"s_imagination","sil"
695771,6,"u_liveliness","um"
695771,6,"u_imagination","um"
695773,5,"c_liveliness","click"
695773,5,"c_serene","click"
695773,4,"s_drama","sil"
695773,3,"s_tension","sil"
695773,7,"f_balance","fluent"
695773,4,"s_elegant","sil"
695773,3,"u_balance","um"
695773,5,"u_elegant","um"
695773,7,"f_drama","fluent"
695773,5,"s_imagination","sil"
695773,7,"f_imagination","fluent"
695773,6,"s_vintage","sil"
695773,7,"f_liveliness","fluent"
695773,7,"f_dynamic","fluent"
695773,3,"c_imagination","click"
695773,5,"s_liveliness","sil"
695773,3,"s_serene","sil"
695773,5,"s_dynamic","sil"
695773,4,"s_balance","sil"
695773,5,"u_liveliness","um"
695773,3,"u_texture","um"
695773,7,"f_serene","fluent"
695773,5,"c_texture","click"
695773,4,"u_vintage","um"
695773,3,"s_texture","sil"
695773,4,"c_dynamic","click"
695773,4,"u_imagination","um"
695773,7,"f_tension","fluent"
695773,5,"u_drama","um"
695773,4,"c_tension","click"
695773,7,"f_texture","fluent"
695773,6,"c_vintage","click"
695773,2,"c_elegant","click"
695773,4,"c_balance","click"
695773,4,"u_serene","um"
695773,7,"f_vintage","fluent"
695773,2,"c_drama","click"
695773,3,"u_tension","um"
695773,7,"f_elegant","fluent"
695773,5,"u_dynamic","um"
695774,1,"c_elegant","click"
695774,4,"c_tension","click"
695774,4,"s_dynamic","sil"
695774,4,"s_elegant","sil"
695774,5,"u_liveliness","um"
695774,3,"u_drama","um"
695774,4,"u_vintage","um"
695774,4,"s_vintage","sil"
695774,4,"c_liveliness","click"
695774,5,"f_balance","fluent"
695774,6,"f_dynamic","fluent"
695774,4,"u_texture","um"
695774,5,"s_drama","sil"
695774,6,"f_texture","fluent"
695774,4,"u_tension","um"
695774,5,"s_imagination","sil"
695774,3,"c_balance","click"
695774,6,"f_tension","fluent"
695774,4,"s_serene","sil"
695774,6,"f_imagination","fluent"
695774,4,"u_elegant","um"
695774,6,"f_vintage","fluent"
695774,4,"c_serene","click"
695774,5,"s_tension","sil"
695774,7,"f_elegant","fluent"
695774,4,"u_imagination","um"
695774,5,"s_liveliness","sil"
695774,6,"s_balance","sil"
695774,4,"c_dynamic","click"
695774,3,"u_dynamic","um"
695774,4,"c_texture","click"
695774,6,"f_serene","fluent"
695774,4,"c_imagination","click"
695774,4,"s_texture","sil"
695774,3,"c_vintage","click"
695774,6,"f_drama","fluent"
695774,3,"c_drama","click"
695774,4,"u_balance","um"
695774,4,"u_serene","um"
695774,6,"f_liveliness","fluent"
695775,6,"u_texture","um"
695775,4,"s_vintage","sil"
695775,7,"s_drama","sil"
695775,7,"s_liveliness","sil"
695775,6,"c_dynamic","click"
695775,4,"c_tension","click"
695775,1,"c_elegant","click"
695775,5,"f_liveliness","fluent"
695775,6,"f_balance","fluent"
695775,3,"c_vintage","click"
695775,3,"s_balance","sil"
695775,6,"u_liveliness","um"
695775,3,"s_texture","sil"
695775,5,"f_elegant","fluent"
695775,3,"s_elegant","sil"
695775,3,"u_tension","um"
695775,6,"f_serene","fluent"
695775,4,"c_liveliness","click"
695775,2,"c_texture","click"
695775,3,"u_vintage","um"
695775,5,"u_serene","um"
695775,7,"f_drama","fluent"
695775,4,"u_imagination","um"
695775,4,"u_dynamic","um"
695775,3,"u_balance","um"
695775,4,"u_elegant","um"
695775,5,"s_dynamic","sil"
695775,6,"f_vintage","fluent"
695775,5,"c_serene","click"
695775,5,"c_imagination","click"
695775,2,"s_tension","sil"
695775,4,"s_imagination","sil"
695775,4,"c_balance","click"
695775,6,"f_imagination","fluent"
695775,3,"c_drama","click"
695775,7,"f_texture","fluent"
695775,5,"u_drama","um"
695775,5,"s_serene","sil"
695775,6,"f_dynamic","fluent"
695775,6,"f_tension","fluent"
695758,3,"c_elegant","click"
695758,6,"s_liveliness","sil"
695758,3,"c_vintage","click"
695758,4,"s_elegant","sil"
695758,2,"f_elegant","fluent"
695758,5,"u_tension","um"
695758,3,"s_vintage","sil"
695758,6,"c_texture","click"
695758,3,"u_elegant","um"
695758,6,"s_serene","sil"
695758,4,"s_dynamic","sil"
695758,6,"f_texture","fluent"
695758,3,"u_balance","um"
695758,6,"u_liveliness","um"
695758,3,"f_imagination","fluent"
695758,5,"u_serene","um"
695758,7,"f_serene","fluent"
695758,7,"f_drama","fluent"
695758,5,"u_vintage","um"
695758,5,"u_dynamic","um"
695758,6,"u_drama","um"
695758,3,"s_drama","sil"
695758,2,"s_imagination","sil"
695758,3,"f_dynamic","fluent"
695758,7,"s_balance","sil"
695758,5,"c_serene","click"
695758,4,"u_texture","um"
695758,7,"f_tension","fluent"
695758,5,"c_liveliness","click"
695758,4,"s_texture","sil"
695758,2,"u_imagination","um"
695758,3,"c_imagination","click"
695758,6,"c_tension","click"
695758,5,"c_dynamic","click"
695758,4,"f_balance","fluent"
695758,2,"c_balance","click"
695758,6,"s_tension","sil"
695758,6,"c_drama","click"
695758,3,"f_vintage","fluent"
695758,5,"f_liveliness","fluent"
695783,3,"s_texture","sil"
695783,3,"s_imagination","sil"
695783,4,"f_dynamic","fluent"
695783,2,"c_dynamic","click"
695783,5,"f_texture","fluent"
695783,2,"u_serene","um"
695783,4,"s_vintage","sil"
695783,3,"u_liveliness","um"
695783,3,"c_liveliness","click"
695783,3,"s_tension","sil"
695783,3,"c_vintage","click"
695783,7,"f_liveliness","fluent"
695783,5,"f_imagination","fluent"
695783,3,"u_drama","um"
695783,3,"u_imagination","um"
695783,6,"f_tension","fluent"
695783,2,"c_elegant","click"
695783,2,"u_dynamic","um"
695783,2,"c_texture","click"
695783,2,"c_drama","click"
695783,3,"s_dynamic","sil"
695783,3,"s_drama","sil"
695783,3,"u_elegant","um"
695783,3,"s_elegant","sil"
695783,4,"f_serene","fluent"
695783,1,"s_serene","sil"
695783,5,"u_texture","um"
695783,6,"f_balance","fluent"
695783,4,"u_tension","um"
695783,4,"s_balance","sil"
695783,5,"f_elegant","fluent"
695783,2,"c_serene","click"
695783,3,"c_imagination","click"
695783,2,"c_tension","click"
695783,1,"c_balance","click"
695783,2,"u_balance","um"
695783,2,"s_liveliness","sil"
695783,6,"f_drama","fluent"
695783,6,"f_vintage","fluent"
695783,4,"u_vintage","um"
695784,3,"c_dynamic","click"
695784,4,"s_liveliness","sil"
695784,4,"u_elegant","um"
695784,5,"f_vintage","fluent"
695784,5,"u_texture","um"
695784,4,"u_liveliness","um"
695784,6,"f_drama","fluent"
695784,3,"c_balance","click"
695784,3,"s_serene","sil"
695784,2,"u_balance","um"
695784,4,"u_vintage","um"
695784,6,"c_liveliness","click"
695784,3,"s_elegant","sil"
695784,2,"s_imagination","sil"
695784,6,"f_texture","fluent"
695784,3,"s_dynamic","sil"
695784,3,"u_dynamic","um"
695784,5,"f_balance","fluent"
695784,3,"u_drama","um"
695784,5,"s_texture","sil"
695784,2,"s_drama","sil"
695784,5,"c_vintage","click"
695784,7,"f_tension","fluent"
695784,4,"c_texture","click"
695784,3,"c_serene","click"
695784,5,"u_imagination","um"
695784,6,"f_dynamic","fluent"
695784,5,"f_serene","fluent"
695784,4,"c_imagination","click"
695784,5,"s_tension","sil"
695784,5,"f_liveliness","fluent"
695784,4,"s_vintage","sil"
695784,5,"c_drama","click"
695784,3,"c_tension","click"
695784,2,"s_balance","sil"
695784,1,"c_elegant","click"
695784,5,"f_imagination","fluent"
695784,3,"u_tension","um"
695784,5,"f_elegant","fluent"
695784,3,"u_serene","um"
695785,5,"u_tension","um"
695785,5,"u_imagination","um"
695785,5,"c_elegant","click"
695785,6,"f_tension","fluent"
695785,4,"s_dynamic","sil"
695785,5,"f_dynamic","fluent"
695785,6,"s_tension","sil"
695785,5,"s_elegant","sil"
695785,5,"s_balance","sil"
695785,4,"u_elegant","um"
695785,4,"s_serene","sil"
695785,4,"u_drama","um"
695785,5,"u_liveliness","um"
695785,6,"s_liveliness","sil"
695785,5,"u_balance","um"
695785,5,"f_imagination","fluent"
695785,5,"u_serene","um"
695785,5,"s_imagination","sil"
695785,6,"f_texture","fluent"
695785,5,"u_texture","um"
695785,5,"c_liveliness","click"
695785,4,"c_drama","click"
695785,3,"f_elegant","fluent"
695785,5,"s_drama","sil"
695785,6,"f_drama","fluent"
695785,4,"c_imagination","click"
695785,4,"c_vintage","click"
695785,4,"c_serene","click"
695785,5,"f_serene","fluent"
695785,4,"u_vintage","um"
695785,4,"c_dynamic","click"
695785,5,"f_vintage","fluent"
695785,5,"u_dynamic","um"
695785,5,"s_texture","sil"
695785,5,"f_balance","fluent"
695785,4,"c_balance","click"
695785,5,"f_liveliness","fluent"
695785,5,"c_texture","click"
695785,6,"s_vintage","sil"
695785,5,"c_tension","click"
695787,3,"u_balance","um"
695787,3,"c_drama","click"
695787,5,"f_tension","fluent"
695787,4,"f_vintage","fluent"
695787,4,"f_dynamic","fluent"
695787,5,"f_texture","fluent"
695787,4,"s_elegant","sil"
695787,5,"s_liveliness","sil"
695787,5,"f_liveliness","fluent"
695787,4,"s_serene","sil"
695787,5,"f_elegant","fluent"
695787,3,"c_tension","click"
695787,3,"u_texture","um"
695787,4,"s_vintage","sil"
695787,3,"u_elegant","um"
695787,5,"f_drama","fluent"
695787,3,"c_dynamic","click"
695787,4,"s_imagination","sil"
695787,3,"s_dynamic","sil"
695787,5,"f_serene","fluent"
695787,4,"s_drama","sil"
695787,3,"u_liveliness","um"
695787,4,"s_texture","sil"
695787,3,"u_drama","um"
695787,3,"c_balance","click"
695787,3,"c_liveliness","click"
695787,3,"u_vintage","um"
695787,3,"u_serene","um"
695787,3,"c_texture","click"
695787,4,"s_tension","sil"
695787,3,"u_imagination","um"
695787,5,"f_balance","fluent"
695787,3,"c_vintage","click"
695787,4,"f_imagination","fluent"
695787,3,"u_dynamic","um"
695787,4,"c_imagination","click"
695787,3,"c_serene","click"
695787,2,"c_elegant","click"
695787,3,"u_tension","um"
695787,4,"s_balance","sil"
695782,3,"s_texture","sil"
695782,4,"s_liveliness","sil"
695782,5,"f_tension","fluent"
695782,1,"u_texture","um"
695782,2,"c_texture","click"
695782,1,"c_dynamic","click"
695782,3,"s_imagination","sil"
695782,4,"f_vintage","fluent"
695782,2,"u_serene","um"
695782,2,"s_drama","sil"
695782,1,"c_elegant","click"
695782,5,"f_balance","fluent"
695782,2,"u_liveliness","um"
695782,2,"c_imagination","click"
695782,2,"c_vintage","click"
695782,3,"c_serene","click"
695782,2,"u_balance","um"
695782,2,"u_vintage","um"
695782,2,"c_liveliness","click"
695782,3,"f_dynamic","fluent"
695782,2,"u_tension","um"
695782,4,"s_vintage","sil"
695782,5,"f_liveliness","fluent"
695782,2,"c_drama","click"
695782,2,"u_imagination","um"
695782,3,"s_serene","sil"
695782,6,"f_texture","fluent"
695782,2,"u_drama","um"
695782,6,"f_imagination","fluent"
695782,6,"f_drama","fluent"
695782,1,"c_tension","click"
695782,3,"s_dynamic","sil"
695782,5,"s_elegant","sil"
695782,6,"f_serene","fluent"
695782,2,"c_balance","click"
695782,4,"s_balance","sil"
695782,3,"s_tension","sil"
695782,5,"f_elegant","fluent"
695782,2,"u_dynamic","um"
695782,2,"u_elegant","um"
695790,6,"f_imagination","fluent"
695790,6,"s_balance","sil"
695790,4,"u_elegant","um"
695790,4,"u_tension","um"
695790,5,"c_texture","click"
695790,6,"f_texture","fluent"
695790,4,"c_liveliness","click"
695790,6,"f_liveliness","fluent"
695790,6,"f_dynamic","fluent"
695790,6,"f_serene","fluent"
695790,6,"f_elegant","fluent"
695790,5,"s_liveliness","sil"
695790,4,"u_liveliness","um"
695790,3,"c_drama","click"
695790,3,"s_serene","sil"
695790,4,"c_serene","click"
695790,5,"u_dynamic","um"
695790,6,"f_balance","fluent"
695790,4,"u_texture","um"
695790,4,"u_serene","um"
695790,3,"c_dynamic","click"
695790,4,"s_drama","sil"
695790,3,"s_tension","sil"
695790,3,"c_elegant","click"
695790,6,"f_vintage","fluent"
695790,3,"c_tension","click"
695790,4,"s_texture","sil"
695790,5,"u_imagination","um"
695790,4,"u_drama","um"
695790,4,"s_imagination","sil"
695790,3,"s_dynamic","sil"
695790,4,"s_elegant","sil"
695790,6,"f_tension","fluent"
695790,4,"s_vintage","sil"
695790,4,"c_vintage","click"
695790,3,"c_balance","click"
695790,3,"u_vintage","um"
695790,6,"f_drama","fluent"
695790,4,"c_imagination","click"
695790,3,"u_balance","um"
